customer_id,customer_name,orders,sales,profit,profit_margin
AA-10315,Alex Avila,5,5563.56,-362.8825,-0.06522487400153858
AA-10375,Allen Armold,9,1056.39,277.3824,0.26257575327293897
AA-10480,Andrew Allen,4,1790.5120000000002,435.8274,0.24340937117427863
AA-10645,Anna Andreadi,6,5086.9349999999995,857.8033,0.16862871257446777
AB-10015,Aaron Bergman,3,886.156,129.3465,0.14596357751908243
AB-10060,Adam Bellavance,8,7755.62,2054.5885,0.26491608665715954
AB-10105,Adrian Barton,10,14473.570999999998,5444.8055,0.3761895043040865
AB-10150,Aimee Bixby,5,966.71,313.6597,0.3244610069203794
AB-10165,Alan Barnes,8,1113.838,220.813,0.19824516671185577
AB-10255,Alejandro Ballentine,9,914.5319999999999,264.5675,0.2892927748837657
AB-10600,Ann Blume,4,1515.862,-274.9604,-0.18138880716054626
AC-10420,Alyssa Crouse,3,925.8,-62.1342,-0.06711406351263773
AC-10450,Amy Cox,7,5527.846,1366.0098,0.2471143009410899
AC-10615,Ann Chong,5,2537.6859999999997,298.8273,0.11775582164223627
AC-10660,Anna Chung,5,657.316,-28.700399999999995,-0.04366301748321963
AD-10180,Alan Dominguez,8,6106.88,1869.9294,0.3062004493292811
AF-10870,Art Ferguson,7,2052.908,317.9712,0.1548881878778786
AF-10885,Art Foster,4,861.565,-163.1175,-0.18932698055283118
AG-10270,Alejandro Grove,5,2582.898,732.7399,0.2836890577947716
AG-10300,Aleksandra Gannaway,4,367.548,59.288399999999996,0.1613079108034869
AG-10330,Alex Grayson,5,660.972,-5.137100000000006,-0.00777203875504561
AG-10390,Allen Goldenen,5,200.945,69.2784,0.3447629948493369
AG-10495,Andrew Gjertsen,8,2356.855,295.6668,0.12544972007187546
AG-10525,Andy Gerbode,4,1455.038,-152.7613,-0.10498784224192083
AG-10675,Anna Gayman,7,3489.0396000000005,-246.42570000000003,-0.07062851909161479
AG-10765,Anthony Garverick,4,170.584,-8.431000000000001,-0.049424330535102944
AG-10900,Arthur Gainer,10,4510.797,343.6824,0.07619105891929963
AH-10030,Aaron Hawkins,7,1744.7,365.2152,0.20932836590817905
AH-10075,Adam Hart,10,3250.337,281.189,0.08651072181130758
AH-10120,Adrian Hane,7,1735.5140000000001,-2.3145999999999773,-0.0013336682965392253
AH-10195,Alan Haines,4,1587.452,-378.5509,-0.23846447010681268
AH-10210,Alan Hwang,9,4805.344,1308.5546,0.2723123672311493
AH-10465,Amy Hunt,5,2495.3916,-196.12009999999998,-0.0785929150358605
AH-10585,Angele Hood,4,738.504,83.96300000000001,0.11369335846522159
AH-10690,Anna Häberlin,12,7888.294,1298.0166,0.1645497239327033
AI-10855,Arianne Irving,10,4375.786,867.7271000000001,0.19830199648703115
AJ-10780,Anthony Jacobs,7,4867.344,150.71300000000005,0.030964115131373506
AJ-10795,Anthony Johnson,7,4501.391,1158.7064,0.25741074259045704
AJ-10945,Ashley Jarboe,7,1839.24,521.1351999999999,0.2833426850220743
AJ-10960,Astrea Jones,3,629.2479999999999,60.4265,0.0960297052990236
AM-10360,Alice McCarthy,5,814.012,194.9878,0.2395392205520312
AM-10705,Anne McFarland,8,5664.022,1085.7326,0.19168933312759026
AO-10810,Anthony O'Donnell,1,161.28,12.096,0.075
AP-10720,Anne Pryor,8,1638.554,285.7888,0.17441524661378263
AP-10915,Arthur Prichep,10,3323.556,579.3113,0.1743046604299732
AR-10345,Alex Russell,4,1055.694,-221.0544,-0.20939249441599553
AR-10405,Allen Rosenblatt,5,2236.128,-98.7646,-0.04416768628629488
AR-10510,Andrew Roberts,5,264.86400000000003,43.6695,0.16487518122508152
AR-10540,Andy Reiter,6,6608.448,2884.6208,0.4365050311359036
AR-10570,Anemone Ratner,1,88.15,32.633,0.3701985252410664
AR-10825,Anthony Rawles,8,4523.336,494.83519999999993,0.10939607404800349
AS-10045,Aaron Smayling,7,3050.692,-253.57459999999998,-0.08312035433272189
AS-10090,Adam Shillingsburg,9,3255.31,64.53739999999998,0.019825270097164317
AS-10135,Adrian Shami,2,58.82,21.8496,0.37146548792927575
AS-10225,Alan Schoenberger,5,4260.784,719.7751000000001,0.1689302015779256
AS-10240,Alan Shonely,7,584.6080000000001,33.715799999999994,0.05767249165252612
AS-10285,Alejandro Savely,6,3214.236,354.62760000000003,0.11033029310853343
AS-10630,Ann Steele,7,833.398,136.49190000000002,0.16377757086050124
AT-10435,Alyssa Tate,6,1171.814,100.87680000000002,0.08608601706414158
AT-10735,Annie Thurman,10,3831.864,974.107,0.25421231024900676
AW-10840,Anthony Witt,4,649.376,65.77250000000001,0.10128569580643573
AW-10930,Arthur Wiediger,7,2852.968,-104.5486,-0.036645556487139005
AY-10555,Andy Yotov,4,497.014,103.3499,0.2079416273988258
AZ-10750,Annie Zypern,6,1622.0179999999998,154.9503,0.09552933444635017
BB-10990,Barry Blumstein,5,744.3399999999999,11.583900000000007,0.015562646102587539
BB-11545,Brenda Bowman,9,6765.728,1015.0749999999999,0.1500318960502107
BC-11125,Becky Castell,9,2933.676,251.5974,0.08576182236893236
BD-11320,Bill Donatelli,12,5718.521,1094.5037,0.19139628935523714
BD-11500,Bradley Drucker,6,4411.2429999999995,1142.1225,0.25891171717359485
BD-11560,Brendan Dodson,2,320.54,116.714,0.36411680289511444
BD-11605,Brian Dahlen,7,3288.471,634.8463,0.19305212057518525
BD-11620,Brian DeCherney,6,1538.11,206.75689999999997,0.13442270058708414
BD-11635,Brian Derr,3,582.646,141.53400000000002,0.24291593866601682
BD-11725,Bruce Degenhardt,6,1526.5,333.9791,0.21878748771699968
BD-11770,Bryan Davis,6,658.466,141.265,0.21453651365446352
BE-11335,Bill Eplett,5,4204.676,1487.7739000000001,0.3538379413776472
BE-11410,Bobby Elias,5,2261.438,755.9150999999999,0.3342630220240395
BE-11455,Brad Eason,6,1727.652,139.20080000000002,0.08057224487338886
BF-10975,Barbara Fisher,7,599.798,227.4384,0.3791916611926015
BF-11005,Barry Franz,4,1333.88,-291.38109999999995,-0.2184462620325666
BF-11020,Barry Französisch,8,2888.506,302.02,0.10455924273655655
BF-11080,Bart Folk,3,272.95,110.9272,0.406401172375893
BF-11170,Ben Ferrer,11,5907.972,1538.2127,0.26036221904910856
BF-11215,Benjamin Farhat,4,1585.162,523.2133,0.3300692926022703
BF-11275,Beth Fritzler,3,791.9899999999999,25.870199999999997,0.03266480637381785
BG-11035,Barry Gonzalez,8,2798.948,-711.4274,-0.254176712107549
BG-11695,Brooke Gillingham,6,1874.172,107.5715,0.05739681309933133
BG-11740,Bruce Geld,6,1006.356,119.34790000000001,0.11859411579997536
BH-11710,Brosina Hoffman,8,6255.351,802.7898,0.12833649142949774
BK-11260,Berenike Kampe,6,659.1379999999999,-63.764399999999995,-0.09673907436682455
BM-11140,Becky Martin,4,11789.63,-1659.9580999999998,-0.14079815057809278
BM-11575,Brendan Murry,6,808.162,95.58160000000001,0.1182703467869066
BM-11650,Brian Moss,11,7294.185,2199.2781,0.3015111489494714
BM-11785,Bryan Mills,10,1338.842,137.7439,0.10288286444554323
BN-11470,Brad Norvell,4,265.296,36.6131,0.13800848863156626
BN-11515,Bradley Nguyen,5,1459.344,340.7054,0.23346476224933943
BO-11350,Bill Overfelt,5,2682.728,278.77700000000004,0.1039154919917338
BO-11425,Bobby Odegard,2,130.83,59.4522,0.4544232974088511
BP-11050,Barry Pond,5,983.42,209.78300000000002,0.21331984299688844
BP-11095,Bart Pistole,12,2442.044,433.9751,0.17770977918497785
BP-11155,Becky Pak,6,1697.8609999999999,647.3847000000001,0.38129428734154336
BP-11185,Ben Peterman,9,3675.861,363.5991,0.09891535615737375
BP-11230,Benjamin Patterson,5,1181.49,-197.2695,-0.1669667115252774
BP-11290,Beth Paige,7,2475.157,-319.0637,-0.12890644916665892
BS-11365,Bill Shonely,5,10501.653,2616.0643999999998,0.24910977348042254
BS-11380,Bill Stewart,5,3887.834,-17.532200000000024,-0.0045095032349632275
BS-11590,Brendan Sweed,6,2454.928,381.7807,0.15551604772115518
BS-11665,Brian Stugart,3,3288.1099999999997,238.73680000000002,0.07260608677933525
BS-11755,Bruce Stewart,7,2562.382,-113.29840000000003,-0.04421604585108701
BS-11800,Bryan Spruell,2,949.4300000000001,194.0516,0.20438747459001716
BT-11305,Beth Thompson,5,2567.656,417.5918,0.16263541533601072
BT-11395,Bill Tyler,6,2186.6130000000003,257.9163,0.11795242230792552
BT-11440,Bobby Trafton,4,603.876,-77.5256,-0.12837999854274718
BT-11485,Brad Thomas,2,415.19599999999997,126.8694,0.30556508251524583
BT-11530,Bradley Talbott,5,2684.4919999999997,409.4983,0.15254219420285103
BT-11680,Brian Thompson,7,3196.752,447.74839999999995,0.14006353949258496
BV-11245,Benjamin Venier,5,1523.2730000000001,315.2214,0.20693690494087402
BW-11065,Barry Weirich,3,385.516,-58.28659999999999,-0.15119113084800628
BW-11110,Bart Watters,8,4750.358,921.2574,0.1939343097930724
BW-11200,Ben Wallace,6,1738.406,246.9973,0.14208263202036808
CA-11965,Carol Adams,6,3789.7228,1143.3817,0.30170589257873953
CA-12055,Cathy Armstrong,5,1679.7240000000002,211.2559,0.1257682214459042
CA-12265,Christina Anderson,9,2648.2872,279.6183,0.1055845831222535
CA-12310,Christine Abelman,4,1421.954,246.02179999999998,0.1730167079947734
CA-12775,Cynthia Arntzen,7,3041.566,204.48950000000002,0.06723164974884649
CB-12025,Cassandra Brandow,10,6076.139,150.2089,0.024721109902192822
CB-12415,Christy Brittain,8,1949.2,272.3883,0.13974363841576032
CB-12535,Claudia Bergmann,8,4246.4555,1049.5601,0.24716145029660616
CC-12100,Chad Cunningham,6,1770.945,208.5912,0.11778525024774908
CC-12145,Charles Crestani,7,2471.65,392.2825,0.15871280318815367
CC-12220,Chris Cortes,12,3913.418,393.9618,0.10066949147778233
CC-12370,Christopher Conant,5,12129.072000000002,2177.0493,0.1794901786385636
CC-12430,Chuck Clark,10,2870.05,424.6583,0.14796198672496993
CC-12475,Cindy Chapman,9,1659.438,154.851,0.09331532723729358
CC-12550,Clay Cheatham,3,113.832,33.870599999999996,0.29754901960784313
CC-12610,Corey Catlett,7,2540.631,331.434,0.1304534188553946
CC-12670,Craig Carreira,7,2269.7015,187.8399,0.08275973734872184
CC-12685,Craig Carroll,4,2854.1150000000002,850.1591,0.29787135416757904
CD-11920,Carlos Daly,5,2033.968,426.661,0.2097678036232625
CD-11980,Carol Darley,3,639.766,-206.7172,-0.32311376346976867
CD-12280,Christina DeMoss,2,1205.584,233.0274,0.19329005693506215
CD-12790,Cynthia Delaney,5,1860.732,403.8422,0.21703404896567588
CG-12040,Catherine Glotzbach,6,904.4680000000001,86.5106,0.09564804946111967
CG-12520,Claire Gute,3,1148.7800000000002,169.93439999999998,0.14792597364160234
CH-12070,Cathy Hwang,3,1537.236,195.15109999999999,0.12694934284651152
CJ-11875,Carl Jackson,1,16.52,1.652,0.09999999999999999
CJ-12010,Caroline Jumper,8,11164.974,858.7414,0.07691387369106278
CK-12205,Chloris Kastensmidt,13,3154.855,141.2831,0.04478275546736696
CK-12325,Christine Kargatis,5,2945.321,261.22090000000003,0.08869012919135132
CK-12595,Clytie Kelty,11,2372.75,497.70980000000003,0.20976074175534717
CK-12760,Cyma Kinney,9,1582.109,-338.4311,-0.21391136767441435
CL-11890,Carl Ludwig,4,1262.0140000000001,328.0847,0.25996914455782577
CL-12565,Clay Ludtke,12,10880.546,1933.7830999999999,0.17772849818382275
CL-12700,Craig Leslie,5,2353.586,229.00990000000002,0.0973025417384366
CM-11815,Candace McMahon,6,1673.888,214.463,0.12812267009501233
CM-11935,Carlos Meador,2,565.392,-43.732400000000005,-0.07734881285904294
CM-12115,Chad McGuire,4,1661.6100000000001,409.0679,0.24618767340109893
CM-12160,Charles McCrossin,6,2533.314,-394.3686,-0.15567300382029234
CM-12190,Charlotte Melton,6,1475.144,91.2033,0.061826709799178925
CM-12235,Chris McAfee,5,2305.712,365.0387,0.15831929573164386
CM-12385,Christopher Martinez,4,8954.019999999999,3899.8903999999998,0.4355463132760481
CM-12445,Chuck Magee,3,287.99,64.4296,0.2237216570019792
CM-12655,Corinna Mitchell,6,6339.5576,1572.4585,0.24803915339455232
CM-12715,Craig Molinari,4,3984.4524,176.3108,0.04424969413613775
CP-12085,Cathy Prescott,8,5402.254,427.0258,0.07904585752539588
CP-12340,Christine Phan,8,5888.275,-1850.3029000000001,-0.31423513677605075
CR-12580,Clay Rozendal,4,2148.852,74.40129999999999,0.03462374328245966
CR-12625,Corey Roper,3,475.9,144.7594,0.3041802899768859
CR-12730,Craig Reiter,4,1600.55,306.9176,0.19175758333073006
CR-12820,Cyra Reiten,3,1397.8724,83.27029999999999,0.059569314051840495
CS-11845,Cari Sayre,5,1278.954,185.3776,0.14494469699457527
CS-11860,Cari Schnelling,6,537.632,105.8275,0.19684003184334267
CS-11950,Carlos Soltero,11,3036.547,-126.4223,-0.04163357260730692
CS-12130,Chad Sievert,4,884.64,143.8339,0.1625903192258998
CS-12175,Charles Sheldon,5,844.4580000000001,113.1405,0.13398002032072642
CS-12250,Chris Selesnick,12,2754.216,738.3626,0.2680844930099891
CS-12355,Christine Sundaresam,11,3202.1620000000003,831.9432,0.25980671808609307
CS-12400,Christopher Schild,9,3651.8585000000003,-342.80330000000004,-0.09387091531613287
CS-12460,Chuck Sachs,2,550.644,156.2593,0.2837755428189538
CS-12490,Cindy Schnelling,4,1077.2285,-302.8761,-0.2811623532054713
CS-12505,Cindy Stewart,6,5690.054999999999,-6626.389499999999,-1.1645563179969263
CT-11995,Carol Triggs,8,3241.898,161.22629999999995,0.04973207053398964
CV-12295,Christina VanderZanden,5,2830.6279999999997,493.0861,0.17419671535786407
CV-12805,Cynthia Voltz,9,2370.3136,98.99749999999999,0.041765570597915816
CW-11905,Carl Weiss,6,1136.592,370.8298,0.32626465785435754
CY-12745,Craig Yedwab,8,2900.026,60.64670000000001,0.02091246768132424
Co-12640,Corey-Lock,5,1300.076,205.62820000000002,0.1581662918167861
DA-13450,Dianna Arnett,4,156.76,56.7904,0.3622760908394999
DB-12910,Daniel Byrd,8,2171.599,431.3748,0.1986438564394255
DB-12970,Darren Budd,5,2839.2272,213.00289999999998,0.07502143541031164
DB-13060,Dave Brooks,7,4531.646,473.0272,0.10438308729322635
DB-13120,David Bremer,7,2973.094,-1421.7692,-0.4782119906064187
DB-13210,Dean Braden,10,2332.577,169.9679,0.0728670050334887
DB-13270,Deborah Brumfield,8,4655.897,841.8263999999999,0.1808086390227275
DB-13360,Dennis Bolton,5,1081.466,291.0085,0.269087054054404
DB-13405,Denny Blanton,4,1711.692,438.9092,0.2564183275963199
DB-13555,Dorothy Badders,7,3908.8028,109.32700000000001,0.027969433505317796
DB-13615,Doug Bickford,7,1989.05,438.80119999999994,0.22060843116060427
DB-13660,Duane Benoit,7,1155.202,177.67350000000002,0.1538029712552437
DC-12850,Dan Campbell,9,3336.168,-1441.6312999999998,-0.4321219135247385
DC-13285,Debra Catini,5,1174.618,132.06820000000002,0.11243502142824308
DD-13570,Dorothy Dickinson,6,269.542,36.4344,0.1351715131593592
DE-13255,Deanra Eno,5,2550.874,464.47139999999996,0.18208323892124817
DF-13135,David Flashing,3,2390.534,-259.3097,-0.10847354607798927
DG-13300,Deirdre Greer,5,3195.818,562.7761,0.17609766889103196
DH-13075,Dave Hallsten,6,4932.872,1193.7404,0.24199703539844533
DH-13675,Duane Huffman,4,1043.096,116.667,0.11184684822873446
DJ-13420,Denny Joy,4,2012.52,483.03499999999997,0.24001500606205153
DJ-13510,Don Jones,8,2501.6879999999996,345.2521,0.13800765722983843
DJ-13630,Doug Jacobs,3,3356.398,731.5644,0.2179611595525918
DK-12835,Damala Kotsonis,12,3256.48,881.1228000000001,0.27057522232594705
DK-12895,Dana Kaydos,5,4282.176,937.6496,0.21896568473598466
DK-12985,Darren Koutras,5,1687.04,-107.35379999999998,-0.06363441293626707
DK-13090,Dave Kipp,7,2650.557,536.3935,0.2023701056042183
DK-13150,David Kendrick,2,797.832,249.9447,0.31327986342989506
DK-13225,Dean Katz,9,4802.394,209.89940000000004,0.04370724267938033
DK-13375,Dennis Kane,8,3318.486,377.0799,0.11363010119675057
DL-12865,Dan Lawera,8,1503.112,322.2449,0.21438515559718768
DL-12925,Daniel Lacy,6,3272.2,4.213200000000029,0.0012875741091620406
DL-13315,Delfina Latchford,8,1458.258,288.8732,0.19809471300688902
DL-13330,Denise Leinenbach,4,585.02,222.6812,0.38063861064578985
DL-13495,Dionis Lloyd,8,3539.322,-52.78799999999997,-0.014914720955030361
DM-12955,Dario Medina,7,1322.034,108.7583,0.08226588726159842
DM-13015,Darrin Martin,7,6345.103,1677.3931,0.2643602633400908
DM-13345,Denise Monton,8,4074.4719999999998,1319.0586,0.32373730878504015
DM-13525,Don Miller,3,1376.792,199.7688,0.1450972986478713
DN-13690,Duane Noonan,7,2139.79,540.5405000000001,0.25261380789703664
DO-13435,Denny Ordway,9,1300.0315,-38.90860000000001,-0.029928967105797056
DO-13645,Doug O'Connell,7,1267.316,294.0676,0.23203968071104603
DP-13000,Darren Powers,9,1050.636,241.4524,0.22981546415694876
DP-13105,Dave Poirier,8,2215.002,563.1761,0.2542553460448343
DP-13165,David Philippe,2,1058.616,-40.93759999999999,-0.03867086837909118
DP-13390,Dennis Pardue,9,5480.723999999999,1571.8318,0.28679273030351465
DR-12880,Dan Reichenbach,9,6528.034000000001,1641.8613,0.25150930586452214
DR-12940,Daniel Raglin,8,8350.868,2869.0759999999996,0.3435662017409447
DS-13030,Darrin Sayre,4,1762.213,193.3319,0.10970972294495614
DS-13180,David Smith,9,2881.8128,163.6993,0.05680427958401739
DV-13045,Darrin Van Huff,5,1119.483,-427.184,-0.38159043058268866
DV-13465,Dianna Vittorini,6,3341.587,353.2127,0.10570208107704512
DW-13195,David Wiener,6,1080.751,-86.87379999999999,-0.0803828078808162
DW-13480,Dianna Wilson,5,5271.628,1348.7556,0.2558518165545824
DW-13540,Don Weiss,5,344.08,69.6672,0.2024738432922576
DW-13585,Dorothy Wardle,7,1204.854,-266.8966,-0.221517793857181
Dl-13600,Dorris liebe,5,755.602,175.2388,0.2319194496573593
Dp-13240,Dean percer,11,7198.7609999999995,333.36479999999995,0.04630863561104473
EA-14035,Erin Ashbrook,13,2846.705,-52.74059999999998,-0.018526893373215694
EB-13705,Ed Braxton,9,3644.978,13.621500000000005,0.0037370595926779267
EB-13750,Edward Becker,10,3236.314,-80.28599999999999,-0.02480785239009564
EB-13840,Ellis Ballard,5,4358.128,656.1988,0.1505689598836932
EB-13870,Emily Burns,10,2767.219,261.5315,0.0945105898738047
EB-13930,Eric Barreto,5,944.6000000000001,0.6042000000000058,0.0006396358246877046
EB-13975,Erica Bern,4,1643.255,162.8781,0.09911918722292035
EB-14110,Eugene Barchas,6,3071.126,184.7656,0.06016216853362578
EB-14170,Evan Bailliet,6,1186.326,282.1701,0.23785207438764722
EC-14050,Erin Creighton,5,461.914,96.4256,0.20875227856267617
ED-13885,Emily Ducich,8,3484.92,670.4435000000001,0.19238418672451593
EG-13900,Emily Grady,5,1832.02,104.2656,0.05691291579786247
EH-13765,Edward Hooks,12,10310.880000000001,1393.5154,0.13514999689648216
EH-13945,Eric Hoffmann,8,684.1709999999999,53.53980000000001,0.07825499765409527
EH-13990,Erica Hackney,6,825.9499999999999,150.3759,0.1820641685332042
EH-14005,Erica Hernandez,7,1219.53,-94.14079999999997,-0.07719432896279713
EH-14125,Eugene Hildebrand,10,3082.653,96.27019999999999,0.031229658349480136
EH-14185,Evan Henry,6,923.884,242.1107,0.26205746608881636
EJ-13720,Ed Jacobs,4,2162.174,387.0176,0.17899466000423647
EJ-14155,Eva Jacobs,5,2656.691,451.87550000000005,0.17008959641900398
EK-13795,Eileen Kiefer,4,1303.478,97.10659999999999,0.07449807361535828
EL-13735,Ed Ludwig,2,124.28,27.1154,0.21817991631799163
EM-13810,Eleni McCrary,5,2567.0099999999998,-133.8275,-0.052133610698828596
EM-13825,Elizabeth Moffitt,8,2339.598,682.5541999999999,0.2917399484868768
EM-13960,Eric Murdock,5,933.704,102.29599999999999,0.10955934643098883
EM-14065,Erin Mull,4,228.99,40.15459999999999,0.17535525568802124
EM-14095,Eudokia Martin,4,1041.0420000000001,240.2362,0.23076513723749856
EM-14140,Eugene Moren,6,4588.436000000001,1319.3655,0.2875414411359339
EM-14200,Evan Minnotte,3,366.822,21.7721,0.05935331032489872
EN-13780,Edward Nazzal,4,2199.366,496.1131,0.22557095999483487
EP-13915,Emily Phan,17,5478.0608,144.9578,0.026461517185059354
ER-13855,Elpida Rittenbach,3,1245.788,-295.7398,-0.2373917552585191
ES-14020,Erica Smith,5,3510.4579999999996,1003.2935,0.285801311395835
ES-14080,Erin Smith,9,4657.924,246.6661,0.052956231145033714
FA-14230,Frank Atkinson,7,2984.054,520.5229,0.1744348125067442
FC-14245,Frank Carlisle,7,3418.742,1217.1662000000001,0.3560275095342088
FC-14335,Fred Chung,7,3889.366,714.2926,0.18365270843628498
FG-14260,Frank Gastineau,7,1383.144,394.73969999999997,0.2853930610261838
FH-14275,Frank Hawley,10,4256.272,1073.2676,0.2521614220143825
FH-14350,Fred Harton,4,2271.284,706.289,0.3109646349817988
FH-14365,Fred Hopkins,8,6987.196,2050.2826,0.2934342474434666
FM-14215,Filia McAdams,10,2456.638,249.6808,0.10163516155005337
FM-14290,Frank Merwin,9,3736.198,198.10949999999997,0.05302435791679134
FM-14380,Fred McMath,9,2523.266,191.4898,0.07588966046385914
FO-14305,Frank Olsen,10,2678.438,215.59689999999998,0.08049351898382563
FP-14320,Frank Preis,8,4046.746,406.44730000000004,0.1004380556625002
FW-14395,Fred Wasserman,3,79.75,23.491300000000003,0.2945617554858935
GA-14515,George Ashbrook,8,3919.7760000000003,840.899,0.21452730972382095
GA-14725,Guy Armstrong,11,1398.382,136.70790000000002,0.09776148434404906
GB-14530,George Bell,11,1568.44,7.837100000000003,0.004996748361429193
GB-14575,Giulietta Baptist,5,4716.288,1135.8393,0.24083332061146398
GD-14590,Giulietta Dortch,4,1888.07,230.93729999999996,0.12231395022430311
GG-14650,Greg Guthrie,9,2224.0,12.698500000000008,0.005709757194244608
GH-14410,Gary Hansen,9,2819.4669999999996,-576.8335,-0.2045895554017834
GH-14425,Gary Hwang,4,4172.8460000000005,1176.4181,0.2819222420381677
GH-14485,Gene Hale,2,1361.2440000000001,-95.4498,-0.07011953771697065
GH-14665,Greg Hansen,2,146.94080000000002,-5.810200000000001,-0.03954109410048128
GK-14620,Grace Kelly,9,6497.27,1448.5525,0.2229478688741579
GM-14440,Gary McGarr,7,3582.8199999999997,347.266,0.09692532697707394
GM-14455,Gary Mitchum,6,3078.624,793.2814000000001,0.25767401280572105
GM-14500,Gene McClure,10,1255.682,441.3185,0.3514572160785931
GM-14680,Greg Matthias,6,3163.628,35.48649999999999,0.01121702678064551
GM-14695,Greg Maxwell,3,6049.966,188.7235,0.031194142248072137
GP-14740,Guy Phonely,2,236.53,31.837600000000002,0.13460279879930664
GR-14560,Georgia Rosenberg,2,1284.38,359.83320000000003,0.2801610115386412
GT-14635,Grant Thornton,3,9351.212,-4108.6589,-0.4393718054943039
GT-14710,Greg Tran,11,11820.119999999999,2163.4269,0.18302918244484828
GT-14755,Guy Thornton,4,226.436,-6.139200000000002,-0.027112296631277722
GW-14605,Giulietta Weimer,7,2189.019,-268.54229999999995,-0.12267700737179531
GZ-14470,Gary Zandusky,9,4355.150000000001,1087.7539,0.24976267177938757
GZ-14545,George Zrebassa,4,2454.6220000000003,828.661,0.3375921017574192
HA-14905,Helen Abelman,7,2163.3,270.8574,0.12520565802246567
HA-14920,Helen Andreada,8,2584.158,99.1445,0.03836626862598959
HD-14785,Harold Dahlen,3,251.36,-135.87599999999998,-0.540563335455124
HE-14800,Harold Engle,4,883.5319999999999,274.4028,0.3105748292082234
HF-14995,Herbert Flentye,7,2533.1639999999998,-13.876799999999989,-0.0054780503749461106
HG-14845,Harry Greene,5,785.628,147.0032,0.18711553050553187
HG-14965,Henry Goldwyn,12,3247.642,-2797.9635000000003,-0.8615369243284822
HG-15025,Hunter Glantz,7,3690.284,804.6113,0.2180350618001216
HH-15010,Hilary Holden,2,218.668,86.7342,0.3966478862933763
HJ-14875,Heather Jas,5,358.1,98.6548,0.2754951130969003
HK-14890,Heather Kirkland,8,4877.784,956.9451,0.19618439438892746
HL-15040,Hunter Lopez,6,12873.297999999999,5622.4292000000005,0.4367512660702798
HM-14860,Harry Marie,10,8236.7648,2437.9836,0.29598800733025665
HM-14980,Henry MacAllister,4,736.276,117.2755,0.15928198121356665
HP-14815,Harold Pawlan,7,1990.314,373.8637,0.18784156670756472
HR-14770,Hallie Redmond,5,1299.288,185.5794,0.14283161239078634
HR-14830,Harold Ryan,7,5248.787,1196.9504,0.2280432412288782
HW-14935,Helen Wasserman,8,9300.254,2164.1611,0.23269913918480073
HZ-14950,Henia Zydlo,5,886.52,-130.3879,-0.14707835130623112
IG-15085,Ivan Gibson,4,744.574,320.4982,0.4304450598597319
IL-15100,Ivan Liston,7,5040.736,1121.937,0.22257404474267248
IM-15055,Ionia McGrath,3,2872.63,975.7701,0.33967830872754234
IM-15070,Irene Maddox,7,4930.474,514.6527,0.10438199248185874
JA-15970,Joseph Airdo,8,6491.026,-819.4217000000001,-0.12623916465594193
JB-15400,Jennifer Braxton,10,1791.605,156.05319999999998,0.08710245841019643
JB-15925,Joni Blumstein,3,900.552,-286.9808,-0.3186721033321785
JB-16000,Joy Bell-,7,644.1188,126.76490000000001,0.19680360206843833
JB-16045,Julia Barnett,5,2518.115,201.51850000000002,0.08002752058583505
JC-15340,Jasper Cacioppo,4,71.263,-0.35560000000000036,-0.0049899667429100705
JC-15385,Jenna Caffey,1,1058.108,502.92440000000005,0.4753053563530378
JC-15775,John Castell,9,2772.055,279.56919999999997,0.10085268870927885
JC-16105,Julie Creighton,5,858.576,201.5952,0.23480181137138703
JD-15790,John Dryer,5,2152.352,-266.55249999999995,-0.12384242911940053
JD-15895,Jonathan Doherty,11,7610.8640000000005,1050.2667999999999,0.1379957387229623
JD-16015,Joy Daniels,6,385.43,26.7605,0.06943024673741016
JD-16060,Julia Dunbar,3,695.442,111.11410000000001,0.15977479070864287
JD-16150,Justin Deggeller,8,8828.0305,1619.5199,0.18345200551810506
JE-15475,Jeremy Ellison,6,1388.682,276.2197,0.19890781330787033
JE-15610,Jim Epp,7,7754.976,1623.4019,0.20933680516870717
JE-15715,Joe Elijah,10,8697.842999999999,1262.2926,0.14512708495658064
JE-15745,Joel Eaton,13,6760.8150000000005,221.79670000000002,0.03280620753562995
JE-16165,Justin Ellison,3,2697.248,789.6476,0.2927604728968193
JF-15190,Jamie Frazer,7,2279.5860000000002,575.1259,0.2522940130357003
JF-15295,Jason Fortune-,5,955.124,97.28899999999999,0.1018600726188432
JF-15355,Jay Fein,6,1911.844,330.199,0.17271231334774176
JF-15415,Jennifer Ferguson,6,2371.448,635.6376,0.2680377558352534
JF-15490,Jeremy Farry,11,1082.918,-18.06730000000001,-0.016683904044442897
JF-15565,Jill Fjeld,8,4198.332,1073.2088,0.2556274253679795
JG-15115,Jack Garza,3,2358.676,684.1911,0.2900742196045578
JG-15160,James Galang,11,6366.392,1415.6664,0.22236557221107342
JG-15310,Jason Gross,6,2240.58,3.7976000000000063,0.0016949182800881943
JG-15805,John Grady,6,1507.018,206.1019,0.13676140563682715
JH-15430,Jennifer Halladay,4,309.281,-24.077100000000005,-0.07784862309679548
JH-15820,John Huston,6,528.91,26.082199999999997,0.049313115652946625
JH-15910,Jonathan Howell,7,959.477,-13.554499999999996,-0.014126967087277752
JH-15985,Joseph Holt,6,7954.9980000000005,-644.6982,-0.08104316305296369
JH-16180,Justin Hirsh,4,2256.3940000000002,-96.95300000000002,-0.0429681163839294
JJ-15445,Jennifer Jackson,5,709.178,200.5558,0.28280036887777116
JJ-15760,Joel Jenkins,2,195.0,34.449200000000005,0.17666256410256412
JK-15205,Jamie Kunitz,5,4427.142,1219.983,0.2755689788129678
JK-15325,Jason Klamczynski,3,383.812,55.32769999999999,0.14415312705178573
JK-15370,Jay Kimmel,8,2709.632,330.2838,0.12189249315036137
JK-15625,Jim Karlsson,7,3760.028,750.9485,0.19971885847658583
JK-15640,Jim Kriz,9,4760.434,1172.5303,0.24630743751515088
JK-15730,Joe Kamberova,10,4867.2,55.0483,0.011310055062458909
JK-16090,Juliana Krohn,3,3747.668,586.6625,0.1565406807646782
JK-16120,Julie Kriz,10,2932.484,122.6566,0.04182686077741601
JL-15130,Jack Lebron,6,1214.956,-207.79559999999998,-0.1710313789141335
JL-15175,James Lanier,5,1571.523,209.2817,0.13317126125421008
JL-15235,Janet Lee,5,2203.7,54.51740000000002,0.024739029813495496
JL-15505,Jeremy Lonsdale,6,3173.874,591.7163,0.1864334564006007
JL-15835,John Lee,11,9799.923,228.907,0.023358040670319553
JL-15850,John Lucas,6,2725.256,779.9046,0.28617663808464233
JM-15250,Janet Martin,6,3159.1220000000003,19.82350000000004,0.006275002991337478
JM-15265,Janet Molinari,5,1804.146,502.6143,0.2785884845239798
JM-15535,Jessica Myrick,7,1733.443,356.5395,0.2056828519887876
JM-15580,Jill Matthias,5,303.948,113.1204,0.37217023964625534
JM-15655,Jim Mitchum,5,864.947,117.20400000000001,0.13550425633015664
JM-15865,John Murray,7,7625.076000000001,1574.6163999999999,0.20650501057300932
JM-16195,Justin MacKendrick,10,2833.9260000000004,754.1144,0.2661023611766856
JO-15145,Jack O'Briant,9,3254.949,581.4045,0.17862169269011588
JO-15280,Jas O'Carroll,6,1934.272,202.13619999999997,0.10450246914601462
JO-15550,Jesus Ocampo,5,1090.838,167.6709,0.15370834166026487
JP-15460,Jennifer Patt,7,1669.135,429.7465,0.25746659197728167
JP-15520,Jeremy Pistek,7,3635.594,757.1802,0.20826863505660972
JP-16135,Julie Prescott,9,1707.71,309.7116,0.18136076968571946
JR-15670,Jim Radford,2,1156.658,-785.1645,-0.6788216568769679
JR-15700,Jocasta Rupert,1,863.88,107.985,0.125
JR-16210,Justin Ritter,5,2201.686,452.37300000000005,0.20546662875632585
JS-15595,Jill Stevenson,4,1417.654,-175.54899999999998,-0.12383063850558738
JS-15685,Jim Sink,4,1131.0639999999999,-54.8692,-0.04851113641668377
JS-15880,John Stevenson,5,3868.02,564.9798000000001,0.14606434299719237
JS-15940,Joni Sundaresam,5,469.169,-327.9336,-0.6989668967898561
JS-16030,Joy Smith,6,2516.494,-311.25749999999994,-0.12368696289361307
JW-15220,Jane Waco,6,7721.714,2173.7093999999997,0.2815060749465727
JW-15955,Joni Wasserman,7,1244.086,-29.575899999999987,-0.023773195743702593
JW-16075,Julia West,4,1428.731,154.06369999999998,0.1078325451047118
KA-16525,Kelly Andreada,7,1519.506,234.9194,0.15460248264896617
KB-16240,Karen Bern,7,3152.6150000000002,763.9076,0.24230919411345817
KB-16315,Karl Braun,9,1569.464,49.71929999999999,0.03167915925436964
KB-16405,Katrina Bavinger,3,908.821,274.297,0.30181630926222
KB-16585,Ken Black,12,2744.742,579.3551,0.21107816326634707
KB-16600,Ken Brennan,7,983.922,293.55240000000003,0.29834925939251283
KC-16255,Karen Carlisle,6,2120.954,846.1217,0.39893448891395095
KC-16540,Kelly Collister,4,3908.262,709.4219,0.18151851129734906
KC-16675,Kimberly Carter,4,1146.05,156.7797,0.13680005235373674
KD-16270,Karen Daniels,5,8282.358,1107.6952000000003,0.13374152626582916
KD-16345,Katherine Ducich,6,1888.964,328.5942,0.1739547180359181
KD-16495,Keith Dawkins,12,8181.256,3038.6254,0.3714130690935475
KD-16615,Ken Dana,5,2243.5099999999998,539.7219,0.2405703116990787
KE-16420,Katrina Edelman,8,1686.7312,397.87989999999996,0.23588814862735685
KF-16285,Karen Ferguson,7,10604.266,1660.1386,0.15655384351920257
KH-16330,Katharine Harms,8,3312.864,454.7871,0.13727913370425107
KH-16360,Katherine Hughes,6,3100.612,528.2051,0.1703551105394677
KH-16510,Keith Herrera,7,5952.859,656.1162,0.11021866971819759
KH-16630,Ken Heidel,9,3918.9660000000003,727.3786,0.18560472328670366
KH-16690,Kristen Hastings,7,5990.799,1227.5091,0.2048990627126699
KL-16555,Kelly Lampkin,8,5016.488,-182.78130000000002,-0.036436108289305186
KL-16645,Ken Lonsdale,12,14175.229000000001,806.855,0.05692006809907621
KM-16225,Kalyca Meade,6,2260.958,635.1057000000001,0.2809011489819802
KM-16375,Katherine Murray,8,5620.186,973.7901999999999,0.17326654313576098
KM-16660,Khloe Miller,5,453.538,91.1391,0.20095140870224765
KM-16720,Kunst Miller,8,4909.472,745.7685,0.15190401330326359
KN-16390,Katherine Nockton,9,2617.272,-151.1518,-0.05775165897927308
KN-16450,Kean Nguyen,5,2171.962,114.3083,0.05262905152115921
KN-16705,Kristina Nunn,8,2280.58,329.76250000000005,0.14459589227301828
KS-16300,Karen Seio,3,88.472,0.11099999999999888,0.0012546342345600742
KT-16465,Kean Takahito,7,3057.1,254.0032,0.08308632364005103
KT-16480,Kean Thornton,10,4642.088400000001,194.0671,0.041805989735137314
KW-16435,Katrina Willman,5,4416.5199999999995,1756.135,0.3976286759711266
KW-16570,Kelly Williams,4,449.096,107.92699999999999,0.24032055507063077
LA-16780,Laura Armstrong,11,8673.222,2059.1199,0.23741118352556873
LB-16735,Larry Blacks,3,50.188,18.6507,0.3716167211285566
LB-16795,Laurel Beltran,8,4985.676,-52.19099999999998,-0.010468189268616729
LC-16870,Lena Cacioppo,8,2580.7039999999997,-188.25110000000004,-0.07294563808945158
LC-16885,Lena Creighton,12,7663.126,1288.3469,0.168122891363133
LC-16930,Linda Cazamias,8,4492.946,288.26599999999996,0.06415968498174694
LC-16960,Lindsay Castell,4,3246.626,299.48019999999997,0.09224351680791072
LC-17050,Liz Carlisle,5,2095.064,86.77799999999999,0.04142021437053951
LC-17140,Logan Currie,9,2633.582,231.12520000000004,0.08776077600773396
LD-16855,Lela Donovan,1,5.304,0.4641,0.0875
LD-17005,Lisa DeCherney,4,1961.934,557.1714,0.2839908987764114
LE-16810,Laurel Elliston,6,1469.45,161.76489999999998,0.11008533805165197
LF-17185,Luke Foster,7,3930.5089999999996,-3583.977,-0.9118353373570701
LH-16750,Larry Hughes,3,287.426,12.627699999999999,0.04393374294601045
LH-16900,Lena Hernandez,9,2295.332,526.0727,0.22919242183701533
LH-17020,Lisa Hazard,4,318.239,-242.73989999999998,-0.762759749747831
LH-17155,Logan Haushalter,9,1739.689,316.5202,0.1819406802020361
LL-16840,Lauren Leatherbury,6,2741.2039999999997,560.0078,0.2042926392928071
LM-17065,Liz MacKendrick,5,1346.774,-44.87799999999999,-0.033322591615222746
LO-17170,Lori Olson,5,644.35,150.1712,0.2330584309769535
LP-17080,Liz Pelletier,4,756.606,110.7813,0.14641874370544247
LP-17095,Liz Preis,7,3653.399,338.44539999999995,0.09263849910726968
LR-16915,Lena Radford,6,5142.892,535.4764,0.10411970541088555
LR-17035,Lisa Ryan,5,1879.306,-382.8079,-0.2036964177201584
LS-16945,Linda Southworth,6,2845.27,-318.77369999999996,-0.11203636210271783
LS-16975,Lindsay Shagiari,9,2988.674,262.63669999999996,0.08787733289077362
LS-17200,Luke Schmidt,6,1010.2560000000001,244.197,0.24171794079916376
LS-17230,Lycoris Saunders,3,368.88000000000005,39.1952,0.10625460854478419
LS-17245,Lynn Smith,6,1008.1360000000001,348.3584,0.34554702936905335
LT-16765,Larry Tron,3,329.876,59.036,0.17896421685724334
LT-17110,Liz Thompson,8,2936.252,320.973,0.1093138463592362
LW-16825,Laurel Workman,5,2238.061,32.5767,0.014555769480813973
LW-16990,Lindsay Williams,6,3230.308,662.8339000000001,0.20519216743418897
LW-17125,Liz Willingham,3,1259.04,192.6312,0.15299847502859323
LW-17215,Luke Weiss,7,5420.514,837.2411,0.15445787982468082
MA-17560,Matt Abelman,11,4299.161,1240.2266,0.28848107805220596
MA-17995,Michelle Arnett,6,2453.284,280.7822,0.11445156777609114
MB-17305,Maria Bertelson,10,1548.702,212.425,0.13716325025731227
MB-18085,Mick Brown,7,1428.231,117.8057,0.08248364585280672
MC-17275,Marc Crier,8,2725.982,461.0014,0.16911388263018612
MC-17425,Mark Cousins,5,4432.138,1802.3903,0.40666384936570116
MC-17575,Matt Collins,8,1303.893,210.7493,0.1616308240016627
MC-17590,Matt Collister,6,2426.067,288.98409999999996,0.11911628986338793
MC-17605,Matt Connell,8,2258.192,195.4486,0.08655092215365212
MC-17635,Matthew Clasen,4,795.154,-247.94350000000003,-0.3118182138302769
MC-17845,Michael Chen,7,3805.714,698.4174,0.1835180993632207
MC-18100,Mick Crebagga,10,2218.98,-64.1668,-0.028917250268141216
MC-18130,Mike Caudle,5,1581.9979999999998,121.7565,0.07696375090233996
MD-17350,Maribeth Dona,7,3766.382,-241.94999999999996,-0.06423936817879863
MD-17860,Michael Dominguez,5,1204.91,-4.040300000000002,-0.0033531965043032273
ME-17320,Maria Etezadi,10,10663.728000000001,1859.4695,0.17437330547065713
ME-17725,Max Engle,8,1908.4532,77.81280000000001,0.04077270535111891
ME-18010,Michelle Ellison,4,1256.944,107.3604,0.08541382909660256
MF-17665,Maureen Fritzler,5,937.039,-341.52650000000006,-0.3644741574256782
MF-18250,Monica Federle,5,1758.3,456.86080000000004,0.25983097309901615
MG-17650,Matthew Grinstein,7,3785.276,341.898,0.09032313627856992
MG-17680,Maureen Gastineau,4,2350.188,25.888599999999972,0.011015544288371811
MG-17695,Maureen Gnade,3,1342.282,-398.79319999999996,-0.2971009072609183
MG-17875,Michael Grace,5,1242.8329999999999,-470.7684,-0.37878653045099386
MG-17890,Michael Granlund,9,776.384,171.7372,0.22120136427334927
MG-18145,Mike Gockenbach,4,3061.543,-93.603,-0.03057379889813731
MG-18205,Mitch Gastineau,1,16.739,-1.2453,-0.07439512515681941
MH-17290,Marc Harrigan,6,2394.025,28.761200000000038,0.012013742546548193
MH-17440,Mark Haberlin,4,400.016,61.428599999999996,0.15356535738570457
MH-17455,Mark Hamilton,8,2456.1820000000002,484.77330000000006,0.19736863962035386
MH-17620,Matt Hagelstein,4,1252.8,122.3612,0.09767017879948915
MH-17785,Maya Herman,7,2203.7780000000002,238.5614,0.10825110333254981
MH-18025,Michelle Huthwaite,5,2984.948,476.9032,0.15976934941580223
MH-18115,Mick Hernandez,9,5503.093,170.9746,0.031068818935097046
MJ-17740,Max Jones,7,6320.746,1054.5529000000001,0.16683994262702537
MK-17905,Michael Kennedy,8,2302.368,-405.3559,-0.1760604299573309
MK-18160,Mike Kennedy,4,1031.602,227.83380000000002,0.22085436049949497
ML-17395,Marina Lichtenstein,9,2722.843,684.9162,0.25154450697304254
ML-17410,Maris LaWare,6,2921.5,-76.17550000000003,-0.026074105767585155
ML-17755,Max Ludwig,7,2071.9139999999998,409.51120000000003,0.1976487441081049
ML-18040,Michelle Lonsdale,3,742.082,138.71620000000001,0.18692839874838632
ML-18265,Muhammed Lee,2,162.232,42.6648,0.26298634054933673
MM-17260,Magdelene Morse,4,1314.023,178.402,0.1357677909747394
MM-17920,Michael Moore,11,3794.0800000000004,82.12499999999997,0.021645563614894774
MM-18055,Michelle Moray,8,2749.881,-520.3443,-0.18922429734232135
MM-18280,Muhammed MacIntyre,9,775.414,58.8916,0.07594859004351223
MN-17935,Michael Nguyen,6,2477.946,290.8227,0.11736442198498273
MO-17500,Mary O'Rourke,4,922.487,59.357699999999994,0.06434529700689548
MO-17800,Meg O'Connel,8,1687.0269999999998,169.34369999999998,0.10037995835277089
MO-17950,Michael Oakman,2,154.288,-82.0074,-0.531521570050814
MP-17470,Mark Packer,7,3206.132,600.2873,0.18723099984654404
MP-17965,Michael Paige,9,3983.6420000000003,638.1563,0.1601941891364736
MP-18175,Mike Pelletier,9,5087.92,226.4529,0.04450795216905926
MR-17545,Mathew Reese,4,639.178,162.9363,0.25491537568564626
MS-17365,Maribeth Schnelling,10,7443.6900000000005,844.9354999999998,0.11351030201418917
MS-17530,MaryBeth Skach,4,475.65599999999995,84.0268,0.17665455707486083
MS-17710,Maurice Satty,6,1613.402,247.4348,0.15336215028864472
MS-17770,Maxwell Schwartz,9,3144.678,280.85839999999996,0.0893122920693311
MS-17830,Melanie Seite,4,370.348,19.431199999999997,0.05246740903150549
MS-17980,Michael Stewart,6,855.116,55.226,0.06458305072060398
MT-17815,Meg Tillman,6,2890.139,509.0068,0.17611844966626172
MT-18070,Michelle Tran,4,1319.4498,-23.676300000000005,-0.017944070323857718
MV-17485,Mark Van Huff,9,1560.05,189.0258,0.12116650107368354
MV-18190,Mike Vittorini,7,1734.574,273.8582,0.15788210822945575
MW-18220,Mitch Webber,7,5341.900000000001,1238.422,0.23183174525917744
MW-18235,Mitch Willingham,2,5253.876,1665.516,0.3170071010431156
MY-17380,Maribeth Yedwab,7,2254.285,319.1211,0.1415620030297855
MY-18295,Muhammed Yedwab,11,4152.696,-371.7111,-0.08951079009876957
MZ-17335,Maria Zettner,4,593.606,85.01910000000001,0.14322479894071152
MZ-17515,Mary Zewe,6,2564.906,787.7503,0.307126382019458
NB-18580,Nicole Brennan,2,273.87199999999996,24.788800000000002,0.0905123561371736
NB-18655,Nona Balk,9,1972.599,117.6429,0.059638527648042
NC-18340,Nat Carroll,5,2461.404,580.3075,0.23576280041797285
NC-18415,Nathan Cano,6,2218.9900000000002,-2204.8072,-0.9936084434810432
NC-18535,Nick Crebassa,7,8241.739,1314.758,0.15952434310283303
NC-18625,Noah Childs,5,1821.742,-359.02099999999996,-0.19707565615767764
ND-18370,Natalie DeCherney,9,4326.139,353.64549999999997,0.08174621758570401
ND-18460,Neil Ducich,6,2893.455,443.33680000000004,0.15322056157776778
NF-18385,Natalie Fritzler,7,8322.826,-1695.9714,-0.20377350193311744
NF-18475,Neil Französisch,4,377.16200000000003,85.92779999999999,0.2278272996749407
NF-18595,Nicole Fjeld,7,2031.472,388.2131,0.19109940968913183
NG-18355,Nat Gilpin,5,1869.58,313.63349999999997,0.16775612704457685
NG-18430,Nathan Gelder,5,1395.9379999999999,217.0893,0.15551500138258292
NH-18610,Nicole Hansen,7,2673.29,760.1666,0.2843562052751479
NK-18490,Neil Knudson,7,572.048,121.2177,0.21190127401896344
NL-18310,Nancy Lomonaco,4,1418.0900000000001,343.6381,0.24232460563151842
NM-18445,Nathan Mautz,7,6459.344,2751.6848999999997,0.42600067437188666
NM-18520,Neoma Murray,10,2161.979,788.9525000000001,0.3649214446578807
NP-18325,Naresj Patel,6,5529.62,1208.8890000000001,0.21862062854228684
NP-18670,Nora Paige,5,3908.402,514.6002,0.13166511530799543
NP-18685,Nora Pelletier,6,1228.698,514.5017,0.4187373138069729
NP-18700,Nora Preis,7,7903.1825,631.2282,0.07987012826794776
NR-18550,Nick Radford,5,2367.277,-25.148799999999966,-0.010623513851568686
NS-18505,Neola Schneider,4,2575.863,-12.303999999999997,-0.004776651553285247
NS-18640,Noel Staavos,13,2964.823,-234.7714,-0.07918563772609698
NW-18400,Natalie Webber,7,7234.014,1023.123,0.14143226706500706
NZ-18565,Nick Zandusky,9,2488.31,402.4236,0.1617256692293163
ON-18715,Odella Nelson,9,1567.52,-5.88900000000001,-0.003756889864244163
OT-18730,Olvera Toch,5,3818.624,-925.1203,-0.24226535526933266
PA-19060,Pete Armstrong,6,729.408,225.8588,0.3096467272089146
PB-18805,Patrick Bzostek,3,740.356,229.2257,0.30961550929552806
PB-19105,Peter Bühler,4,688.324,218.15970000000002,0.31694332901366223
PB-19150,Philip Brown,8,1456.95,280.6606,0.19263571158927895
PB-19210,Phillip Breyer,2,132.738,21.897000000000002,0.16496406454820775
PC-18745,Pamela Coakley,4,1832.064,272.685,0.14884032435548103
PC-19000,Pauline Chand,2,1061.488,-184.3364,-0.17365848695416244
PF-19120,Peter Fuller,4,9062.864,-614.2943000000001,-0.06778147614264102
PF-19165,Philip Fox,6,2770.0,196.87389999999996,0.07107361010830324
PF-19225,Phillip Flathmann,5,2206.1279999999997,591.3118000000001,0.2680315013453436
PG-18820,Patrick Gardner,13,3086.907,137.46130000000002,0.04453043126987629
PG-18895,Paul Gonzalez,9,1987.164,334.5163,0.16833854679331953
PH-18790,Patricia Hirasaki,1,729.648,47.8878,0.06563137293599106
PJ-18835,Patrick Jones,8,1220.09,442.1355,0.3623794146333467
PJ-19015,Pauline Johnson,7,1824.2340000000002,682.9979000000001,0.37440257116137515
PK-18910,Paul Knutson,2,1441.152,-798.705,-0.554212879696243
PK-19075,Pete Kriz,12,8646.934,2038.2676000000001,0.23572142449566522
PL-18925,Paul Lucas,5,239.481,-0.7527000000000026,-0.0031430468387888917
PM-18940,Paul MacIntyre,3,1405.402,157.8768,0.1123356875826276
PM-19135,Peter McVee,4,4115.662,526.7537,0.12798759956478445
PN-18775,Parhena Norris,8,1467.152,192.0396,0.13089277729914828
PO-18850,Patrick O'Brill,11,7473.8282,38.47569999999996,0.0051480578587556995
PO-18865,Patrick O'Donnell,7,2493.214,437.8533,0.17561801754682912
PO-19180,Philisse Overcash,9,4893.043,1155.4331,0.23613794115441047
PO-19195,Phillina Ober,5,1056.858,-49.70089999999999,-0.04702703674476608
PP-18955,Paul Prost,10,7252.608,1495.0854,0.2061445207020702
PR-18880,Patrick Ryan,5,1840.178,247.6226,0.13456448234899016
PS-18760,Pamela Stobb,6,2181.479,-134.441,-0.061628372310712144
PS-18970,Paul Stevenson,8,1278.639,198.5099,0.15525093478299973
PS-19045,Penelope Sewall,7,6843.634,1742.7296999999999,0.25464975187159333
PT-19090,Pete Takahito,4,160.572,-20.0508,-0.12487108586802181
PV-18985,Paul Van Hugh,5,2876.046,434.52840000000003,0.15108534425388193
PW-19030,Pauline Webber,10,3454.916,803.8169,0.23265888374710122
PW-19240,Pierre Wener,7,3922.4150000000004,1290.354,0.32896927020725747
QJ-19255,Quincy Jones,9,6108.338,1203.6768,0.19705471439203268
RA-19285,Ralph Arnett,9,2617.906,546.0882,0.20859732931587308
RA-19885,Ruben Ausman,7,3832.314,1292.8656,0.3373589951136572
RA-19915,Russell Applegate,9,4793.543,304.8673,0.06359957551230896
RA-19945,Ryan Akin,5,1686.9225,-445.695,-0.264205972710661
RB-19330,Randy Bradley,2,1008.1959999999999,-164.40619999999998,-0.16306968089538146
RB-19360,Raymond Buch,6,15117.339,6976.0959,0.46146321783218597
RB-19435,Richard Bierner,8,2663.0860000000002,477.23990000000003,0.17920559080705617
RB-19465,Rick Bensley,12,4715.466,640.5466,0.13583951193795055
RB-19570,Rob Beeghly,5,528.546,76.8879,0.14547059290960482
RB-19645,Robert Barroso,5,221.084,72.679,0.3287393027084728
RB-19705,Roger Barcio,4,2067.45,243.07549999999998,0.11757261360613316
RB-19795,Ross Baird,8,5633.316000000001,-461.73319999999995,-0.08196472557193665
RC-19825,Roy Collins,6,966.409,63.991400000000006,0.0662156498956446
RC-19960,Ryan Crowe,6,885.752,10.563300000000002,0.011925798643412606
RD-19480,Rick Duston,8,4272.93,480.594,0.1124741102709382
RD-19585,Rob Dowd,10,2912.8940000000002,734.5158,0.25216015412850584
RD-19660,Robert Dilbeck,5,2786.632,835.772,0.2999219129041797
RD-19720,Roger Demir,10,1419.737,207.3304,0.1460343711546575
RD-19810,Ross DeVincentis,8,1137.616,318.4625,0.27993848539401694
RD-19900,Ruben Dartt,9,3133.924,455.5292,0.14535425875037175
RD-19930,Russell D'Ascenzo,4,970.9420000000001,35.05740000000001,0.036106585151327274
RE-19405,Ricardo Emerson,1,48.36,6.045,0.125
RE-19450,Richard Eichhorn,5,876.696,209.2294,0.23865672935658425
RF-19345,Randy Ferguson,8,3309.15,633.7072000000001,0.1915015034072194
RF-19735,Roland Fjeld,7,2341.2960000000003,711.6168,0.3039414068105869
RF-19840,Roy Französisch,8,945.222,280.0261,0.29625431909117644
RH-19495,Rick Hansen,5,3621.3759999999997,563.7877,0.15568328171391208
RH-19510,Rick Huthwaite,6,6979.18,1289.4535,0.18475716344900117
RH-19555,Ritsa Hightower,2,740.382,0.30570000000000164,0.00041289496503156705
RH-19600,Rob Haberlin,3,2085.7400000000002,172.6261,0.08276491796676479
RK-19300,Ralph Kennedy,3,1460.192,269.688,0.18469351975630602
RL-19615,Rob Lucas,8,6234.91,488.14840000000004,0.0782927740737236
RM-19375,Raymond Messe,6,1453.474,392.1499,0.2698017990001885
RM-19675,Robert Marley,5,5979.0960000000005,1902.5438000000001,0.31819923948369455
RM-19750,Roland Murray,1,98.35,28.6879,0.291691916624301
RO-19780,Rose O'Brian,7,3815.478,-1262.5716000000002,-0.33090784431203646
RP-19270,Rachel Payne,4,954.6452,59.538399999999996,0.062367044845561465
RP-19390,Resi Pölking,12,5153.084,465.25030000000015,0.09028579778633536
RP-19855,Roy Phan,8,2170.716,594.5868,0.2739127550540928
RR-19315,Ralph Ritter,2,615.932,-73.835,-0.11987524596871083
RR-19525,Rick Reed,6,3302.2619999999997,721.6826,0.21854189643341443
RS-19420,Ricardo Sperren,5,3221.29,633.4513999999999,0.19664525702435978
RS-19765,Roland Schwarz,8,4159.7699999999995,1206.3851,0.29001245261156267
RS-19870,Roy Skaria,2,22.328,9.5838,0.4292278753135077
RW-19540,Rick Wilson,7,7397.401,1586.6273,0.2144844250027814
RW-19630,Rob Williams,9,3279.746,698.8325,0.21307518935917596
RW-19690,Robert Waldorf,5,3495.646,707.5503,0.20240902539902494
SA-20830,Sue Ann Reed,10,4767.3415,610.1496000000001,0.12798529327089322
SB-20170,Sarah Bern,3,1348.02,157.6658,0.11696102431714663
SB-20185,Sarah Brown,6,6410.996,885.4623999999999,0.138116199105412
SB-20290,Sean Braxton,7,8057.891,-2082.7451,-0.2584727318848071
SC-20020,Sam Craven,5,3362.9636,-317.0508,-0.09427720240564007
SC-20050,Sample Company A,9,4624.572,1011.7443,0.21877576995233286
SC-20095,Sanjit Chand,9,14142.333999999999,5757.411899999999,0.4071047890680562
SC-20230,Scot Coram,4,4371.9580000000005,440.14099999999996,0.10067365697474677
SC-20260,Scott Cohen,8,3729.7929999999997,671.0033999999999,0.17990365685173412
SC-20305,Sean Christensen,7,3979.065,229.1617,0.057591846325707165
SC-20380,Shahid Collister,9,5992.536,236.66149999999996,0.03949271226739397
SC-20440,Shaun Chance,7,1874.998,379.5611,0.20243280259498944
SC-20575,Sonia Cooley,5,902.7280000000001,100.2253,0.11102491558919186
SC-20680,Steve Carroll,6,1254.64,370.1578,0.29503108461391314
SC-20695,Steve Chapman,10,2576.408,611.8291,0.23747368429223945
SC-20725,Steven Cartwright,11,5226.21,1276.6513,0.24427860725076106
SC-20770,Stewart Carmichael,7,4492.657,-671.1874,-0.14939653750553403
SC-20800,Stuart Calhoun,4,279.25600000000003,51.8252,0.18558312086401008
SC-20845,Sung Chung,2,280.632,31.1757,0.11109103737278714
SD-20485,Shirley Daniels,9,6121.114,1985.1671999999999,0.3243146917374844
SE-20110,Sanjit Engle,11,12209.438000000002,2650.6769,0.21710064787584812
SF-20065,Sandra Flanagan,7,763.5459999999999,228.1623,0.29881932457245536
SF-20200,Sarah Foster,9,3422.7859999999996,286.9046,0.08382195089029815
SF-20965,Sylvia Foulston,9,3336.535,539.9352,0.1618251269655496
SG-20080,Sandra Glassco,3,3406.5809999999997,570.438,0.16745176468723333
SG-20470,Sheri Gordon,8,1884.798,-119.0105,-0.06314231021043104
SG-20605,Speros Goranitis,6,3124.832,463.269,0.1482540501377354
SG-20890,Susan Gilcrest,3,47.946,-3.7073,-0.0773224043715847
SH-19975,Sally Hughsby,13,3406.8395,558.4739999999999,0.16392729977446838
SH-20395,Shahid Hopkins,10,2180.718,-144.5229,-0.06627308070094345
SH-20635,Stefanie Holloman,2,2096.392,260.6258,0.12432111933264392
SJ-20125,Sanjit Jacobs,12,3949.656,144.1189,0.036488975242400856
SJ-20215,Sarah Jordon,6,1341.036,-23.5137,-0.017533981190661546
SJ-20500,Shirley Jackson,5,1318.776,68.09629999999999,0.05163598670282139
SK-19990,Sally Knutson,3,883.409,168.7933,0.19107038755548109
SL-20155,Sara Luxemburg,7,3053.012,527.9715,0.1729346298016516
SM-20005,Sally Matthias,4,244.49399999999997,-26.5927,-0.10876626829288245
SM-20320,Sean Miller,5,25043.05,-1980.7393,-0.07909337321133009
SM-20905,Susan MacKendrick,1,1043.041,-237.2885,-0.2274968098090104
SM-20950,Suzanne McNair,12,5563.392,581.5741999999999,0.10453590183830296
SN-20560,Skye Norling,6,1860.418,-716.8565000000001,-0.3853201269822159
SN-20710,Steve Nguyen,7,3127.9592,481.74989999999997,0.15401412524818098
SO-20335,Sean O'Donnell,6,2602.5755,-81.0858,-0.031155983755322376
SP-20545,Sibella Parks,6,1306.086,-118.77570000000001,-0.09094018311198498
SP-20620,Stefania Perrino,9,5440.319,-270.42819999999995,-0.04970815130509809
SP-20650,Stephanie Phelps,9,1872.4360000000001,268.4782,0.14338444678483003
SP-20860,Sung Pak,10,4282.94,566.7226,0.1323209290814254
SP-20920,Susan Pistek,6,3990.689,14.692400000000003,0.003681670007359632
SR-20425,Sharelle Roach,5,3233.481,-3333.9144,-1.031060457754352
SR-20740,Steven Roelle,8,4345.8859999999995,1990.4243999999999,0.4580019816442493
SS-20140,Saphhira Shifley,8,1324.028,332.3487,0.25101334714975815
SS-20410,Shahid Shariari,6,3056.8070000000002,-1010.9738,-0.33072869827895574
SS-20515,Shirley Schmidt,3,613.4,199.93449999999999,0.32594473426801435
SS-20590,Sonia Sunley,6,418.49,135.5401,0.3238789457334703
SS-20875,Sung Shariari,5,964.636,-75.586,-0.07835701756932148
ST-20530,Shui Tom,7,433.34000000000003,84.4419,0.19486292518576637
SU-20665,Stephanie Ulpright,7,2595.364,763.4719,0.2941675618525956
SV-20365,Seth Vernon,10,11470.949999999999,1199.4242,0.10456188894555377
SV-20785,Stewart Visinsky,9,4105.305,485.0272,0.11814644709710971
SV-20815,Stuart Van,4,1271.0900000000001,199.6502,0.15707007371625928
SV-20935,Susan Vittorini,8,1903.491,106.8912,0.0561553482522376
SW-20245,Scot Wooten,7,1085.078,-19.60620000000001,-0.01806893145008931
SW-20275,Scott Williamson,6,1966.65,332.8725,0.16925863778506597
SW-20350,Sean Wendt,3,1019.044,95.8383,0.09404726390617088
SW-20455,Shaun Weien,7,2921.544,793.6548,0.27165594630784273
SW-20755,Steven Ward,2,758.6959999999999,68.2416,0.0899459071881228
SZ-20035,Sam Zeldin,11,3625.329,366.43030000000005,0.10107504725777992
TA-21385,Tom Ashbrook,4,14595.62,4703.7883,0.32227396301082106
TB-21055,Ted Butterfield,5,1467.881,390.2113,0.26583306139939133
TB-21175,Thomas Boland,4,3589.296,829.1635,0.2310100643691688
TB-21190,Thomas Brumley,4,816.1740000000001,179.0038,0.21932063506066107
TB-21250,Tim Brockman,7,1602.376,260.6155,0.1626431624038303
TB-21280,Toby Braunhardt,6,2198.45,490.9567,0.2233194750847188
TB-21355,Todd Boyes,5,834.328,268.967,0.322375612468957
TB-21400,Tom Boeckenhauer,7,9133.99,2798.3689,0.306368728233773
TB-21520,Tracy Blumstein,9,4737.486,-1603.0451,-0.3383746358300584
TB-21595,Troy Blackwell,5,1387.559,-136.4091,-0.0983086845316127
TB-21625,Trudy Brown,9,2797.668,379.882,0.13578523255797328
TC-20980,Tamara Chand,5,19052.218,8981.323900000001,0.4714056862040945
TC-21145,Theresa Coyne,1,1038.26,265.5332,0.2557482711459558
TC-21295,Toby Carlisle,8,4266.812,606.3727,0.14211376081252233
TC-21475,Tony Chapman,9,1244.976,119.104,0.09566770765058924
TC-21535,Tracy Collins,7,742.5580000000001,217.933,0.2934895321308234
TD-20995,Tamara Dahlen,9,1434.5480000000002,88.1897,0.061475600677007664
TG-21310,Toby Gnade,5,3058.372,682.1704,0.22305017179074357
TG-21640,Trudy Glocke,4,2074.661,365.7205,0.17627964279465416
TH-21100,Thea Hendricks,5,2422.824,-135.2125,-0.05580780939927952
TH-21115,Thea Hudgings,4,2942.772,-252.5539,-0.08582176940653234
TH-21235,Tiffany House,8,1022.201,92.729,0.09071503549693259
TH-21550,Tracy Hopkins,7,4234.0960000000005,-571.9678,-0.13508616715350807
TM-21010,Tamara Manning,8,2955.2259999999997,573.3013,0.1939957553161755
TM-21490,Tony Molinari,3,1094.6779999999999,292.52099999999996,0.2672210458235207
TN-21040,Tanja Norvell,7,3130.221,-692.0452,-0.22108509271390103
TP-21130,Theone Pippenger,9,4454.0560000000005,1129.1261,0.2535051422793067
TP-21415,Tom Prescott,5,5329.0048,-1087.3898,-0.2040511954502274
TP-21565,Tracy Poddar,4,1936.6399999999999,139.22869999999995,0.07189188491407797
TR-21325,Toby Ritter,5,675.9419999999999,220.36440000000002,0.3260108115785083
TS-21085,Thais Sissman,2,4.833,-3.3156,-0.6860335195530726
TS-21160,Theresa Swint,6,2163.6240000000003,260.87440000000004,0.12057289066861895
TS-21205,Thomas Seio,7,5371.09,862.8877,0.16065411303850802
TS-21340,Toby Swindell,5,974.7819999999999,-184.97889999999998,-0.18976437808658755
TS-21370,Todd Sumrall,6,11891.751,2371.7144000000003,0.19944198293422055
TS-21430,Tom Stivers,5,2054.14,48.70169999999999,0.023709046121491228
TS-21505,Tony Sayre,6,2243.274,11.377899999999983,0.00507200636212963
TS-21610,Troy Staebel,7,2820.424,-294.6981,-0.10448716221390827
TS-21655,Trudy Schmidt,5,3368.094,220.91629999999998,0.06559089502846416
TT-21070,Ted Trevino,7,4915.602,751.9567,0.15297347100111033
TT-21220,Thomas Thornton,8,1427.0439999999999,278.7371,0.1953248112882294
TT-21265,Tim Taslimi,3,439.5,93.9162,0.2136887372013652
TT-21460,Tonja Turnell,7,5364.808,1124.4999,0.20960673709105712
TW-21025,Tamara Willingham,7,5278.826,737.3905,0.13968835115989806
TZ-21580,Tracy Zic,4,1707.286,224.8887,0.13172292164288818
VB-21745,Victoria Brennan,6,2005.596,371.2398,0.18510198464695782
VD-21670,Valerie Dominguez,6,6442.254,1617.7874000000002,0.2511213311365867
VF-21715,Vicky Freymann,5,847.944,-96.27799999999999,-0.11354287547290859
VG-21790,Vivek Gonzalez,6,846.01,143.6268,0.16976962447252397
VG-21805,Vivek Grady,5,427.372,-52.333,-0.12245303857061295
VM-21685,Valerie Mitchum,7,2454.866,513.5269,0.20918734464528815
VM-21835,Vivian Mathis,5,380.69,116.6373,0.30638393443484196
VP-21730,Victor Preis,3,993.9019999999999,205.3888,0.2066489452682458
VP-21760,Victoria Pisteka,7,3360.526,-1018.7768,-0.303159921988403
VS-21820,Vivek Sundaresam,4,1055.981,-262.8093,-0.24887692108096643
VT-21700,Valerie Takahito,2,1736.596,-224.08889999999997,-0.12903916627701548
VW-21775,Victoria Wilson,10,6134.0380000000005,-874.6645,-0.14259195981505166
WB-21850,William Brown,11,6160.102,714.3311,0.11596092077696116
XP-21865,Xylona Preis,11,2374.658,621.23,0.26160819789628653
YC-21895,Yoseph Carroll,5,5454.35,1305.629,0.23937389423120992
YS-21880,Yana Sorensen,8,6720.4439999999995,1778.2923,0.2646093472395574
ZC-21910,Zuschuss Carroll,13,8025.707,-1032.1490000000001,-0.12860536772648193
ZD-21925,Zuschuss Donatelli,5,1493.944,249.1307,0.16676040065758824
